{
  "project_info": {
    "project_number": "866367312449",
    "project_id": "amazigh-9d908",
    "storage_bucket": "amazigh-9d908.appspot.com"
  },
  "client": [
    {
      "client_info": {
        "mobilesdk_app_id": "1:866367312449:android:f044c3c89ef7462c55acc0",
        "android_client_info": {
          "package_name": "com.saifeddinejaadan.oefenles"
        }
      },
      "oauth_client": [
        {
          "client_id": "866367312449-51teebfqve4jle86j7er7kmbppunfkmg.apps.googleusercontent.com",
          "client_type": 3
        }
      ],
      "api_key": [
        {
          "current_key": "AIzaSyDLC8qkeNDzQnAsAU-V-oAfp6-KTdaYvoU"
        }
      ],
      "services": {
        "appinvite_service": {
          "other_platform_oauth_client": [
            {
              "client_id": "866367312449-51teebfqve4jle86j7er7kmbppunfkmg.apps.googleusercontent.com",
              "client_type": 3
            }
          ]
        }
      }
    }
  ],
  "configuration_version": "1"
}